time,client_ip,domain,qtype
2025-11-19T03:11:31.7243812Z,192.168.8.191,www.google-analytics.com,A
2025-11-19T03:11:29.2068859Z,192.168.8.191,ghb.adtelligent.com,A
2025-11-19T03:11:29.206645565Z,192.168.8.191,ghb.adtelligent.com,HTTPS
2025-11-19T03:11:29.205923562Z,192.168.8.191,cpm.didna.io,A
2025-11-19T03:11:29.205658509Z,192.168.8.191,cpm.didna.io,HTTPS
2025-11-19T03:11:29.205250842Z,192.168.8.191,cpm.xrtb.io,A
2025-11-19T03:11:29.205011201Z,192.168.8.191,adx2.adform.net,HTTPS
2025-11-19T03:11:29.204703025Z,192.168.8.191,adx2.adform.net,A
2025-11-19T03:11:29.204486793Z,192.168.8.191,cpm.xrtb.io,HTTPS
2025-11-19T03:11:29.203554565Z,192.168.8.191,s.seedtag.com,A
2025-11-19T03:11:29.203337949Z,192.168.8.191,s.seedtag.com,HTTPS
2025-11-19T03:11:29.201353209Z,192.168.8.191,server.cpmstar.com,A
2025-11-19T03:11:29.201250792Z,192.168.8.191,server.cpmstar.com,HTTPS
2025-11-19T03:11:29.129823731Z,192.168.8.191,ghb.adtelligent.com,A
2025-11-19T03:11:29.129496072Z,192.168.8.191,cpm.xrtb.io,A
2025-11-19T03:11:29.129318729Z,192.168.8.191,server.cpmstar.com,A
2025-11-19T03:11:29.12906515Z,192.168.8.191,adx2.adform.net,A
2025-11-19T03:11:29.128916298Z,192.168.8.191,cpm.didna.io,A
2025-11-19T03:11:29.128780691Z,192.168.8.191,s.seedtag.com,A
2025-11-19T03:11:29.099310612Z,192.168.8.191,cpm.didna.io,A
2025-11-19T03:11:29.099062962Z,192.168.8.191,cpm.xrtb.io,A
2025-11-19T03:11:29.098870449Z,192.168.8.191,ghb.adtelligent.com,A
2025-11-19T03:11:29.098624185Z,192.168.8.191,server.cpmstar.com,A
2025-11-19T03:11:29.09842297Z,192.168.8.191,s.seedtag.com,A
2025-11-19T03:11:29.098264955Z,192.168.8.191,adx2.adform.net,A
2025-11-19T03:11:28.932807256Z,192.168.8.191,cpm.didna.io,HTTPS
2025-11-19T03:11:28.932552907Z,192.168.8.191,cpm.didna.io,A
2025-11-19T03:11:28.93228Z,192.168.8.191,adx2.adform.net,A
2025-11-19T03:11:28.932018797Z,192.168.8.191,cpm.xrtb.io,HTTPS
2025-11-19T03:11:28.931760444Z,192.168.8.191,s.seedtag.com,A
2025-11-19T03:11:28.931450343Z,192.168.8.191,server.cpmstar.com,A
2025-11-19T03:11:28.931196147Z,192.168.8.191,server.cpmstar.com,HTTPS
2025-11-19T03:11:28.930952656Z,192.168.8.191,adx2.adform.net,HTTPS
2025-11-19T03:11:28.930730649Z,192.168.8.191,s.seedtag.com,HTTPS
2025-11-19T03:11:28.930469832Z,192.168.8.191,cpm.xrtb.io,A
2025-11-19T03:11:28.930228727Z,192.168.8.191,ghb.adtelligent.com,HTTPS
2025-11-19T03:11:28.929987546Z,192.168.8.191,ghb.adtelligent.com,A
2025-11-19T03:11:28.849351398Z,192.168.8.191,adx2.adform.net,HTTPS
2025-11-19T03:11:28.849067941Z,192.168.8.191,s.seedtag.com,A
2025-11-19T03:11:28.848783791Z,192.168.8.191,server.cpmstar.com,A
2025-11-19T03:11:28.8484261Z,192.168.8.191,adx2.adform.net,A
2025-11-19T03:11:28.848128782Z,192.168.8.191,cpm.didna.io,A
2025-11-19T03:11:28.847889603Z,192.168.8.191,s.seedtag.com,HTTPS
2025-11-19T03:11:28.847672833Z,192.168.8.191,cpm.xrtb.io,A
2025-11-19T03:11:28.847515356Z,192.168.8.191,ghb.adtelligent.com,A
2025-11-19T03:11:28.84733578Z,192.168.8.191,server.cpmstar.com,HTTPS
2025-11-19T03:11:28.846961456Z,192.168.8.191,ghb.adtelligent.com,HTTPS
2025-11-19T03:11:28.846636339Z,192.168.8.191,cpm.didna.io,HTTPS
2025-11-19T03:11:28.846479633Z,192.168.8.191,cpm.xrtb.io,HTTPS
2025-11-19T03:11:28.706089763Z,192.168.8.25,logs.netflix.com,A
2025-11-19T03:11:28.392533022Z,192.168.8.191,activity.windows.com,A
2025-11-19T03:11:28.328897146Z,192.168.8.191,i-666.b-0.ad.bench.utorrent.com,A
2025-11-19T03:11:28.328813826Z,192.168.8.191,i-666.b-0.ad.bench.utorrent.com,HTTPS
2025-11-19T03:11:28.278264956Z,192.168.8.191,nav-edge.smartscreen.microsoft.com,HTTPS
2025-11-19T03:11:28.241211915Z,192.168.8.191,nav-edge.smartscreen.microsoft.com,A
2025-11-19T03:11:28.219792144Z,192.168.8.191,ced.sascdn.com,A
2025-11-19T03:11:28.219616649Z,192.168.8.191,video.rainberrytv.com,A
2025-11-19T03:11:28.219439459Z,192.168.8.191,video.rainberrytv.com,A
2025-11-19T03:11:28.218736322Z,192.168.8.191,ced.sascdn.com,HTTPS
2025-11-19T03:11:28.218697357Z,192.168.8.191,video.rainberrytv.com,A
2025-11-19T03:11:28.217839747Z,192.168.8.191,video.rainberrytv.com,A
2025-11-19T03:11:28.216730406Z,192.168.8.191,video.rainberrytv.com,A
2025-11-19T03:11:28.216334752Z,192.168.8.191,video.rainberrytv.com,A
2025-11-19T03:11:28.216037819Z,192.168.8.191,video.rainberrytv.com,A
2025-11-19T03:11:28.215650712Z,192.168.8.191,video.rainberrytv.com,A
2025-11-19T03:11:28.213016431Z,192.168.8.191,video.rainberrytv.com,A
2025-11-19T03:11:28.212518129Z,192.168.8.191,video.rainberrytv.com,HTTPS
2025-11-19T03:11:26.893964164Z,192.168.8.25,logs.netflix.com,A
2025-11-19T03:11:26.315419201Z,192.168.8.191,wpad.lan,A
2025-11-19T03:11:26.215432112Z,192.168.8.25,logs.netflix.com,A
2025-11-19T03:11:25.204131296Z,192.168.8.25,logs.netflix.com,A
2025-11-19T03:11:25.166676517Z,192.168.8.191,mobile.events.data.microsoft.com,A
2025-11-19T03:11:22.58305907Z,192.168.8.191,waa-pa.googleapis.com,HTTPS
2025-11-19T03:11:22.564161768Z,192.168.8.191,waa-pa.googleapis.com,A
2025-11-19T03:11:22.558257526Z,192.168.8.191,waa-pa.googleapis.com,A
2025-11-19T03:11:21.823111884Z,192.168.8.191,ecs.office.com,A
2025-11-19T03:11:20.622896113Z,192.168.8.191,espresso-pa.clients6.google.com,HTTPS
2025-11-19T03:11:20.61448565Z,192.168.8.191,waa-pa.clients6.google.com,A
2025-11-19T03:11:20.613500596Z,192.168.8.191,docs.google.com,HTTPS
2025-11-19T03:11:20.612564517Z,192.168.8.191,waa-pa.clients6.google.com,HTTPS
2025-11-19T03:11:20.601755564Z,192.168.8.191,espresso-pa.clients6.google.com,A
2025-11-19T03:11:20.568326324Z,192.168.8.191,docs.google.com,A
2025-11-19T03:11:12.095829041Z,192.168.8.25,lcprd1.samsungcloudsolution.net,A
2025-11-19T03:11:12.095654624Z,192.168.8.25,lcprd1.samsungcloudsolution.net,AAAA
2025-11-19T03:11:11.298139387Z,192.168.8.191,wpad.lan,A
2025-11-19T03:11:10.051327519Z,192.168.8.191,mobile.events.data.microsoft.com,A
2025-11-19T03:11:09.159095296Z,192.168.8.191,p2p-atl3.discovery.steamserver.net,A
2025-11-19T03:11:09.152459117Z,192.168.8.191,p2p-atl3.discovery.steamserver.net,A
2025-11-19T03:11:00.897096177Z,192.168.8.191,data.popup-blocker.org,HTTPS
2025-11-19T03:11:00.89582089Z,192.168.8.191,data.popup-blocker.org,A
2025-11-19T03:10:58.122739458Z,192.168.8.191,video.rainberrytv.com,A
2025-11-19T03:10:58.070117909Z,192.168.8.191,video.rainberrytv.com,A
2025-11-19T03:10:58.06987257Z,192.168.8.191,video.rainberrytv.com,A
2025-11-19T03:10:58.069602435Z,192.168.8.191,video.rainberrytv.com,A
2025-11-19T03:10:58.069496398Z,192.168.8.191,video.rainberrytv.com,A
2025-11-19T03:10:57.981853059Z,192.168.8.191,video.rainberrytv.com,A
2025-11-19T03:10:57.981802621Z,192.168.8.191,video.rainberrytv.com,A
2025-11-19T03:10:57.978315966Z,192.168.8.191,video.rainberrytv.com,A
2025-11-19T03:10:57.978119987Z,192.168.8.191,video.rainberrytv.com,A
2025-11-19T03:10:57.9607102Z,192.168.8.191,video.rainberrytv.com,A
2025-11-19T03:10:57.960398559Z,192.168.8.191,video.rainberrytv.com,A
2025-11-19T03:10:57.960164Z,192.168.8.191,video.rainberrytv.com,A
2025-11-19T03:10:57.960095774Z,192.168.8.191,video.rainberrytv.com,A
2025-11-19T03:10:57.926066431Z,192.168.8.191,video.rainberrytv.com,A
2025-11-19T03:10:57.92369651Z,192.168.8.191,video.rainberrytv.com,A
2025-11-19T03:10:57.920266839Z,192.168.8.191,video.rainberrytv.com,A
2025-11-19T03:10:57.887236026Z,192.168.8.191,video.rainberrytv.com,A
2025-11-19T03:10:57.619317671Z,192.168.8.191,mullvad.net,A
2025-11-19T03:10:57.554285224Z,192.168.8.191,mullvad.net,HTTPS
2025-11-19T03:10:55.488461969Z,192.168.8.191,mobile.events.data.microsoft.com,A
2025-11-19T03:10:54.373999601Z,192.168.8.191,service.allblock.app,HTTPS
2025-11-19T03:10:54.364097388Z,192.168.8.191,service.allblock.app,A
2025-11-19T03:10:51.562513997Z,192.168.8.191,centralus-2.in.applicationinsights.azure.com,A
2025-11-19T03:10:51.421921528Z,192.168.8.25,osb-v1-alb.samsungqbe.com,A
2025-11-19T03:10:51.395297034Z,192.168.8.25,osb-v1-alb.samsungqbe.com,AAAA
2025-11-19T03:10:46.249407967Z,192.168.8.25,ocsp.digicert.com,A
2025-11-19T03:10:46.1027862Z,192.168.8.25,mediaservices.cdn-apple.com,A
2025-11-19T03:10:46.037197542Z,192.168.8.25,mediaservices.cdn-apple.com,AAAA
2025-11-19T03:10:46.036347633Z,192.168.8.25,mediaservices.cdn-apple.com,A
2025-11-19T03:10:44.587659257Z,192.168.8.191,accounts.google.com,HTTPS
2025-11-19T03:10:44.552511563Z,192.168.8.191,accounts.google.com,A
2025-11-19T03:10:43.41266688Z,192.168.8.191,wpad.lan,A
2025-11-19T03:10:39.378565789Z,192.168.8.191,mobile.events.data.microsoft.com,A
2025-11-19T03:10:37.32042654Z,192.168.8.191,aepxlg.adobe.com,A
2025-11-19T03:10:35.561672014Z,192.168.8.191,ssl.gstatic.com,HTTPS
2025-11-19T03:10:35.558543435Z,192.168.8.191,ssl.gstatic.com,A
2025-11-19T03:10:28.393624548Z,192.168.8.191,wpad.lan,A
2025-11-19T03:10:28.390782583Z,192.168.8.191,mobile.events.data.microsoft.com,A
2025-11-19T03:10:28.373020728Z,192.168.8.191,s.seedtag.com,A
2025-11-19T03:10:28.372789865Z,192.168.8.191,ghb.adtelligent.com,A
2025-11-19T03:10:28.372500787Z,192.168.8.191,ghb.adtelligent.com,HTTPS
2025-11-19T03:10:28.372277471Z,192.168.8.191,s.seedtag.com,HTTPS
2025-11-19T03:10:28.371663352Z,192.168.8.191,cpm.didna.io,HTTPS
2025-11-19T03:10:28.371181837Z,192.168.8.191,server.cpmstar.com,A
2025-11-19T03:10:28.370795654Z,192.168.8.191,cpm.didna.io,A
2025-11-19T03:10:28.370562558Z,192.168.8.191,server.cpmstar.com,HTTPS
2025-11-19T03:10:28.370219345Z,192.168.8.191,cpm.xrtb.io,A
2025-11-19T03:10:28.369929881Z,192.168.8.191,adx2.adform.net,HTTPS
2025-11-19T03:10:28.369778411Z,192.168.8.191,adx2.adform.net,A
2025-11-19T03:10:28.369127407Z,192.168.8.191,cpm.xrtb.io,HTTPS
2025-11-19T03:10:27.855186675Z,192.168.8.191,i-666.b-0.ad.bench.utorrent.com,A
2025-11-19T03:10:27.855120912Z,192.168.8.191,i-666.b-0.ad.bench.utorrent.com,HTTPS
2025-11-19T03:10:27.835539032Z,192.168.8.191,video.rainberrytv.com,A
2025-11-19T03:10:27.835510232Z,192.168.8.191,video.rainberrytv.com,A
2025-11-19T03:10:27.833906284Z,192.168.8.191,video.rainberrytv.com,A
2025-11-19T03:10:27.833833591Z,192.168.8.191,video.rainberrytv.com,A
2025-11-19T03:10:27.806050626Z,192.168.8.191,nav-edge.smartscreen.microsoft.com,A
2025-11-19T03:10:27.75439796Z,192.168.8.191,nav-edge.smartscreen.microsoft.com,HTTPS
2025-11-19T03:10:27.7280138Z,192.168.8.191,video.rainberrytv.com,A
2025-11-19T03:10:27.727627386Z,192.168.8.191,ced.sascdn.com,A
2025-11-19T03:10:27.727481076Z,192.168.8.191,video.rainberrytv.com,A
2025-11-19T03:10:27.727000485Z,192.168.8.191,ced.sascdn.com,HTTPS
2025-11-19T03:10:27.725084511Z,192.168.8.191,video.rainberrytv.com,A
2025-11-19T03:10:27.72506318Z,192.168.8.191,video.rainberrytv.com,A
2025-11-19T03:10:27.723523148Z,192.168.8.191,video.rainberrytv.com,A
2025-11-19T03:10:27.723472632Z,192.168.8.191,video.rainberrytv.com,HTTPS
2025-11-19T03:10:21.60622248Z,192.168.8.191,aepxlg.adobe.com,A
2025-11-19T03:10:20.566794738Z,192.168.8.191,clients6.google.com,HTTPS
2025-11-19T03:10:20.548560453Z,192.168.8.191,clients6.google.com,A
2025-11-19T03:10:14.618141809Z,192.168.8.191,mobile.events.data.microsoft.com,A
2025-11-19T03:10:14.461708542Z,192.168.8.108,mr.fullstory.com,A
2025-11-19T03:10:12.989885807Z,192.168.8.108,b79c66077e27a1c100292a6aa5da291cfa7da7ef982a7d0d2708be38d76b31f.us-east-1.prod.service.minerva.devices.a2z.com,A
2025-11-19T03:10:12.988805035Z,192.168.8.108,b79c66077e27a1c100292a6aa5da291cfa7da7ef982a7d0d2708be38d76b31f.us-east-1.prod.service.minerva.devices.a2z.com,HTTPS
2025-11-19T03:10:12.094279605Z,192.168.8.25,lcprd1.samsungcloudsolution.net,A
2025-11-19T03:10:12.094184503Z,192.168.8.25,lcprd1.samsungcloudsolution.net,AAAA
2025-11-19T03:10:09.071551424Z,192.168.8.191,p2p-atl3.discovery.steamserver.net,A
2025-11-19T03:10:07.946838641Z,192.168.8.121,timepool.vivintsky.com,AAAA
2025-11-19T03:10:07.664848153Z,192.168.8.121,timepool.vivintsky.com,A
2025-11-19T03:10:07.660401933Z,192.168.8.121,timepool.vivintsky.com,A
2025-11-19T03:10:03.999662551Z,192.168.8.108,app-analytics-services.com,A
2025-11-19T03:09:58.427271881Z,192.168.8.191,mobile.events.data.microsoft.com,A
2025-11-19T03:09:57.669103004Z,192.168.8.191,video.rainberrytv.com,A
2025-11-19T03:09:57.669081366Z,192.168.8.191,video.rainberrytv.com,A
2025-11-19T03:09:57.667399258Z,192.168.8.191,video.rainberrytv.com,A
2025-11-19T03:09:57.667080686Z,192.168.8.191,video.rainberrytv.com,A
2025-11-19T03:09:57.634580442Z,192.168.8.191,video.rainberrytv.com,A
2025-11-19T03:09:57.633873839Z,192.168.8.191,video.rainberrytv.com,A
2025-11-19T03:09:57.61136629Z,192.168.8.191,video.rainberrytv.com,A
2025-11-19T03:09:57.575184644Z,192.168.8.191,video.rainberrytv.com,A
2025-11-19T03:09:55.984544909Z,192.168.8.191,wpad.lan,A
2025-11-19T03:09:52.601608778Z,192.168.8.108,mr.fullstory.com,A
2025-11-19T03:09:51.565369303Z,192.168.8.191,centralus-2.in.applicationinsights.azure.com,A
2025-11-19T03:09:47.767149113Z,10.0.0.7,edge.gycpi.b.yahoodns.net,HTTPS
2025-11-19T03:09:47.71045667Z,10.0.0.7,carddav.address.yahoo.com,HTTPS
2025-11-19T03:09:47.697060102Z,10.0.0.7,carddav.address.yahoo.com,AAAA
2025-11-19T03:09:47.674795582Z,10.0.0.7,carddav.address.yahoo.com,A
2025-11-19T03:09:45.158949057Z,192.168.8.191,mobile.events.data.microsoft.com,A
2025-11-19T03:09:40.972208609Z,192.168.8.191,wpad.lan,A
2025-11-19T03:09:35.813886128Z,192.168.8.25,ocsp.digicert.com,A
2025-11-19T03:09:35.718719432Z,192.168.8.25,mediaservices.cdn-apple.com,AAAA
2025-11-19T03:09:35.674759308Z,192.168.8.25,mediaservices.cdn-apple.com,A
2025-11-19T03:09:35.637184171Z,192.168.8.25,mediaservices.cdn-apple.com,A
2025-11-19T03:09:33.432829098Z,192.168.8.191,clientconfig.rpg.riotgames.com,A
2025-11-19T03:09:31.784744667Z,192.168.8.191,mobile.events.data.microsoft.com,A
2025-11-19T03:09:28.71462758Z,192.168.8.108,yt3.ggpht.com,A
2025-11-19T03:09:28.713859604Z,192.168.8.108,yt3.ggpht.com,HTTPS
2025-11-19T03:09:28.572408066Z,192.168.8.108,i.ytimg.com,HTTPS
2025-11-19T03:09:28.528985748Z,192.168.8.108,i.ytimg.com,A
2025-11-19T03:09:28.062964156Z,192.168.8.191,cpm.didna.io,HTTPS
2025-11-19T03:09:28.062655364Z,192.168.8.191,adx2.adform.net,A
2025-11-19T03:09:28.062433126Z,192.168.8.191,ghb.adtelligent.com,HTTPS
2025-11-19T03:09:28.061999971Z,192.168.8.191,ghb.adtelligent.com,A
2025-11-19T03:09:28.061577133Z,192.168.8.191,cpm.xrtb.io,HTTPS
2025-11-19T03:09:28.061299067Z,192.168.8.191,cpm.didna.io,A
2025-11-19T03:09:28.061066048Z,192.168.8.191,adx2.adform.net,HTTPS
2025-11-19T03:09:28.060716443Z,192.168.8.191,s.seedtag.com,A
2025-11-19T03:09:28.060440609Z,192.168.8.191,s.seedtag.com,HTTPS
2025-11-19T03:09:28.059957477Z,192.168.8.191,cpm.xrtb.io,A
2025-11-19T03:09:28.059726075Z,192.168.8.191,server.cpmstar.com,HTTPS
2025-11-19T03:09:28.059232085Z,192.168.8.191,server.cpmstar.com,A
2025-11-19T03:09:27.544291139Z,192.168.8.191,i-666.b-0.ad.bench.utorrent.com,A
2025-11-19T03:09:27.544229227Z,192.168.8.191,i-666.b-0.ad.bench.utorrent.com,HTTPS
2025-11-19T03:09:27.50936245Z,192.168.8.191,video.rainberrytv.com,A
2025-11-19T03:09:27.509180101Z,192.168.8.191,video.rainberrytv.com,A
2025-11-19T03:09:27.50651317Z,192.168.8.191,video.rainberrytv.com,A
2025-11-19T03:09:27.506481983Z,192.168.8.191,video.rainberrytv.com,A
2025-11-19T03:09:27.461026797Z,192.168.8.191,nav-edge.smartscreen.microsoft.com,A
2025-11-19T03:09:27.425637846Z,192.168.8.191,nav-edge.smartscreen.microsoft.com,HTTPS
2025-11-19T03:09:27.405456633Z,192.168.8.191,ced.sascdn.com,HTTPS
2025-11-19T03:09:27.40535537Z,192.168.8.191,video.rainberrytv.com,A
2025-11-19T03:09:27.40506737Z,192.168.8.191,video.rainberrytv.com,A
2025-11-19T03:09:27.404601487Z,192.168.8.191,ced.sascdn.com,A
2025-11-19T03:09:27.40459779Z,192.168.8.191,video.rainberrytv.com,A
2025-11-19T03:09:27.402788084Z,192.168.8.191,video.rainberrytv.com,A
2025-11-19T03:09:27.400768846Z,192.168.8.191,video.rainberrytv.com,A
2025-11-19T03:09:27.400457821Z,192.168.8.191,video.rainberrytv.com,HTTPS
2025-11-19T03:09:20.590090008Z,192.168.8.191,api.popup-blocker.org,A
2025-11-19T03:09:20.585830988Z,192.168.8.191,api.popup-blocker.org,HTTPS
2025-11-19T03:09:18.548030791Z,192.168.8.108,s.youtube.com,A
2025-11-19T03:09:17.887734978Z,192.168.8.108,iosantiabuse-pa.googleapis.com,HTTPS
2025-11-19T03:09:17.472372296Z,192.168.8.108,app-analytics-services.com,HTTPS
2025-11-19T03:09:17.472257943Z,192.168.8.108,app-analytics-services.com,A
2025-11-19T03:09:17.24258961Z,192.168.8.191,main.vscode-cdn.net,HTTPS
2025-11-19T03:09:17.237267837Z,192.168.8.191,main.vscode-cdn.net,A
2025-11-19T03:09:16.882557759Z,192.168.8.108,iosantiabuse-pa.googleapis.com,A
2025-11-19T03:09:16.879507418Z,192.168.8.108,iosantiabuse-pa.googleapis.com,HTTPS
2025-11-19T03:09:16.752704249Z,192.168.8.108,youtubei.googleapis.com,A
2025-11-19T03:09:16.751860269Z,192.168.8.108,sandbox.itunes-apple.com.akadns.net,HTTPS
2025-11-19T03:09:16.705876287Z,192.168.8.108,sandbox.itunes-apple.com.akadns.net,A
2025-11-19T03:09:16.244160305Z,192.168.8.191,mobile.events.data.microsoft.com,A
2025-11-19T03:09:15.517630993Z,192.168.8.108,logs-01.loggly.com,A
2025-11-19T03:09:15.5173932Z,192.168.8.108,logs-01.loggly.com,HTTPS
2025-11-19T03:09:15.515786634Z,192.168.8.108,mr.fullstory.com,A
2025-11-19T03:09:15.514978308Z,192.168.8.108,mr.fullstory.com,HTTPS
2025-11-19T03:09:11.541127278Z,192.168.8.191,easylist-downloads.adblockplus.org,HTTPS
2025-11-19T03:09:11.538210773Z,192.168.8.191,easylist-downloads.adblockplus.org,A
2025-11-19T03:09:09.885709165Z,192.168.8.191,wpad.lan,A
2025-11-19T03:09:09.130209388Z,192.168.8.191,p2p-atl3.discovery.steamserver.net,A
2025-11-19T03:09:09.090805756Z,192.168.8.191,p2p-atl3.discovery.steamserver.net,A
2025-11-19T03:09:01.232737263Z,192.168.8.191,mobile.events.data.microsoft.com,A
2025-11-19T03:09:01.081137788Z,192.168.8.191,aepxlg.adobe.com,A
2025-11-19T03:08:57.598193537Z,192.168.8.191,mullvad.net,A
2025-11-19T03:08:57.536553569Z,192.168.8.191,mullvad.net,HTTPS
2025-11-19T03:08:57.371195986Z,192.168.8.191,video.rainberrytv.com,A
2025-11-19T03:08:57.371132919Z,192.168.8.191,video.rainberrytv.com,A
2025-11-19T03:08:57.368435956Z,192.168.8.191,video.rainberrytv.com,A
2025-11-19T03:08:57.36831113Z,192.168.8.191,video.rainberrytv.com,A
2025-11-19T03:08:57.311260612Z,192.168.8.191,video.rainberrytv.com,A
2025-11-19T03:08:57.291675883Z,192.168.8.191,video.rainberrytv.com,A
2025-11-19T03:08:57.281705443Z,192.168.8.191,video.rainberrytv.com,A
2025-11-19T03:08:57.276315675Z,192.168.8.191,video.rainberrytv.com,A
2025-11-19T03:08:54.86631601Z,192.168.8.191,wpad.lan,A
2025-11-19T03:08:51.549018735Z,192.168.8.191,centralus-2.in.applicationinsights.azure.com,A
2025-11-19T03:08:48.868148802Z,192.168.8.191,discord.com,A
2025-11-19T03:08:48.855873049Z,192.168.8.191,discord.com,HTTPS
2025-11-19T03:08:46.776100109Z,192.168.8.191,mobile.events.data.microsoft.com,A
2025-11-19T03:08:35.804329845Z,192.168.8.108,pancake.g.aaplimg.com,HTTPS
2025-11-19T03:08:35.773336677Z,192.168.8.108,pancake.apple.com,A
2025-11-19T03:08:35.768227208Z,192.168.8.108,pancake.apple.com,HTTPS
2025-11-19T03:08:35.101263499Z,192.168.8.191,mobile.events.data.microsoft.com,A
2025-11-19T03:08:33.901060887Z,192.168.8.233,news.iadsdk.apple.com,HTTPS
2025-11-19T03:08:33.901034243Z,192.168.8.233,news.iadsdk.apple.com,A
2025-11-19T03:08:31.703337573Z,192.168.8.191,cdn.ap.bittorrent.com,A
2025-11-19T03:08:29.628737181Z,192.168.8.191,api.githubcopilot.com,A
2025-11-19T03:08:29.607826264Z,192.168.8.191,api.githubcopilot.com,HTTPS
2025-11-19T03:08:29.56220983Z,192.168.8.191,signaler-pa.clients6.google.com,A
2025-11-19T03:08:29.562138291Z,192.168.8.191,signaler-pa.clients6.google.com,HTTPS
2025-11-19T03:08:29.12572709Z,192.168.8.191,wpad.lan,A
2025-11-19T03:08:27.831866247Z,192.168.8.191,video.rainberrytv.com,A
2025-11-19T03:08:27.831810495Z,192.168.8.191,video.rainberrytv.com,A
2025-11-19T03:08:27.765261659Z,192.168.8.191,cpm.xrtb.io,HTTPS
2025-11-19T03:08:27.764993834Z,192.168.8.191,s.seedtag.com,A
2025-11-19T03:08:27.764756811Z,192.168.8.191,server.cpmstar.com,A
2025-11-19T03:08:27.76450816Z,192.168.8.191,server.cpmstar.com,HTTPS
2025-11-19T03:08:27.764070769Z,192.168.8.191,cpm.didna.io,A
2025-11-19T03:08:27.763882491Z,192.168.8.191,adx2.adform.net,HTTPS
2025-11-19T03:08:27.763599342Z,192.168.8.191,s.seedtag.com,HTTPS
2025-11-19T03:08:27.763180124Z,192.168.8.191,cpm.didna.io,HTTPS
2025-11-19T03:08:27.762974288Z,192.168.8.191,cpm.xrtb.io,A
2025-11-19T03:08:27.762718784Z,192.168.8.191,adx2.adform.net,A
2025-11-19T03:08:27.761976374Z,192.168.8.191,ghb.adtelligent.com,A
2025-11-19T03:08:27.761482923Z,192.168.8.191,ghb.adtelligent.com,HTTPS
2025-11-19T03:08:27.250281528Z,192.168.8.191,i-666.b-0.ad.bench.utorrent.com,A
2025-11-19T03:08:27.250271363Z,192.168.8.191,i-666.b-0.ad.bench.utorrent.com,HTTPS
2025-11-19T03:08:27.211273397Z,192.168.8.191,nav-edge.smartscreen.microsoft.com,HTTPS
2025-11-19T03:08:27.135455641Z,192.168.8.191,nav-edge.smartscreen.microsoft.com,A
2025-11-19T03:08:27.135225934Z,192.168.8.191,video.rainberrytv.com,A
2025-11-19T03:08:27.134939242Z,192.168.8.191,video.rainberrytv.com,A
2025-11-19T03:08:27.132653257Z,192.168.8.191,video.rainberrytv.com,A
2025-11-19T03:08:27.132593886Z,192.168.8.191,video.rainberrytv.com,A
2025-11-19T03:08:27.115207972Z,192.168.8.191,video.rainberrytv.com,A
2025-11-19T03:08:27.11508769Z,192.168.8.191,video.rainberrytv.com,A
2025-11-19T03:08:27.112101186Z,192.168.8.191,video.rainberrytv.com,A
2025-11-19T03:08:27.081834333Z,192.168.8.191,video.rainberrytv.com,A
2025-11-19T03:08:27.041399136Z,192.168.8.191,video.rainberrytv.com,A
2025-11-19T03:08:27.028925171Z,192.168.8.191,ced.sascdn.com,HTTPS
2025-11-19T03:08:27.028017353Z,192.168.8.191,ced.sascdn.com,A
2025-11-19T03:08:27.024351276Z,192.168.8.191,video.rainberrytv.com,HTTPS
2025-11-19T03:08:26.772403565Z,192.168.8.25,ocsp.digicert.com,A
2025-11-19T03:08:26.63943865Z,192.168.8.25,mediaservices.cdn-apple.com,A
2025-11-19T03:08:26.472458795Z,192.168.8.25,mediaservices.cdn-apple.com,AAAA
2025-11-19T03:08:26.442090757Z,192.168.8.25,mediaservices.cdn-apple.com,A
2025-11-19T03:08:21.684896231Z,192.168.8.191,mobile.events.data.microsoft.com,A
2025-11-19T03:08:20.60427922Z,192.168.8.191,clients6.google.com,A
2025-11-19T03:08:20.568319428Z,192.168.8.191,clients6.google.com,HTTPS
2025-11-19T03:08:17.760019842Z,192.168.8.121,firestore.googleapis.com,A
2025-11-19T03:08:17.759956851Z,192.168.8.121,firestore.googleapis.com,A
2025-11-19T03:08:15.783055257Z,192.168.8.108,init.push-apple.com.akadns.net,HTTPS
2025-11-19T03:08:15.702906482Z,192.168.8.108,init.push.apple.com,A
2025-11-19T03:08:15.702800754Z,192.168.8.108,init.push.apple.com,HTTPS
2025-11-19T03:08:14.115835314Z,192.168.8.191,wpad.lan,A
2025-11-19T03:08:12.090655209Z,192.168.8.25,lcprd1.samsungcloudsolution.net,A
2025-11-19T03:08:12.090491803Z,192.168.8.25,lcprd1.samsungcloudsolution.net,AAAA
2025-11-19T03:08:09.062241913Z,192.168.8.191,p2p-atl3.discovery.steamserver.net,A
2025-11-19T03:08:09.055185746Z,192.168.8.191,p2p-atl3.discovery.steamserver.net,A
2025-11-19T03:08:07.758949986Z,192.168.8.191,mobile.events.data.microsoft.com,A
2025-11-19T03:08:01.646554168Z,192.168.8.135,42fe2b061d400c1741694ab5517f193f7d0cb380cb4c31ded9f41d4b2df3e13.us-east-1.prod.service.minerva.devices.a2z.com,A
2025-11-19T03:07:56.89652489Z,192.168.8.191,video.rainberrytv.com,A
2025-11-19T03:07:56.896256141Z,192.168.8.191,video.rainberrytv.com,A
2025-11-19T03:07:56.895913081Z,192.168.8.191,video.rainberrytv.com,A
2025-11-19T03:07:56.895629701Z,192.168.8.191,video.rainberrytv.com,A
2025-11-19T03:07:56.892265639Z,192.168.8.191,video.rainberrytv.com,A
2025-11-19T03:07:56.892144818Z,192.168.8.191,video.rainberrytv.com,A
2025-11-19T03:07:56.889632591Z,192.168.8.191,video.rainberrytv.com,A
2025-11-19T03:07:56.889582691Z,192.168.8.191,video.rainberrytv.com,A
2025-11-19T03:07:56.562648656Z,192.168.8.191,mullvad.net,A
2025-11-19T03:07:56.548413268Z,192.168.8.191,mullvad.net,HTTPS
2025-11-19T03:07:55.426796465Z,192.168.8.191,mobile.events.data.microsoft.com,A
2025-11-19T03:07:51.797780584Z,192.168.8.233,gspe79-cdn.g.aaplimg.com,HTTPS
2025-11-19T03:07:51.769877876Z,192.168.8.233,gspe79-ssl.ls.apple.com,HTTPS
2025-11-19T03:07:51.769088493Z,192.168.8.233,gspe79-ssl.ls.apple.com,A
2025-11-19T03:07:51.544043268Z,192.168.8.191,centralus-2.in.applicationinsights.azure.com,A
2025-11-19T03:07:50.764651404Z,192.168.8.233,api-h2.newsbreak.com,A
2025-11-19T03:07:50.76211723Z,192.168.8.233,img.particlenews.com,A
2025-11-19T03:07:50.727555474Z,192.168.8.233,img.particlenews.com,HTTPS
2025-11-19T03:07:50.725516368Z,192.168.8.233,api-h2.newsbreak.com,HTTPS
2025-11-19T03:07:50.711535637Z,192.168.8.233,log.particlenews.com,A
2025-11-19T03:07:50.71022123Z,192.168.8.233,log.particlenews.com,HTTPS
2025-11-19T03:07:47.729883176Z,192.168.8.233,gs-loc.apple.com,A
2025-11-19T03:07:47.709169932Z,192.168.8.233,gs-loc.ls-apple.com.akadns.net,HTTPS
2025-11-19T03:07:47.689692857Z,192.168.8.233,gs-loc.apple.com,HTTPS
2025-11-19T03:07:44.573957598Z,192.168.8.191,mobile.events.data.microsoft.com,A
2025-11-19T03:07:44.539726195Z,192.168.8.191,ssl.gstatic.com,A
2025-11-19T03:07:44.418356153Z,192.168.8.191,wpad.lan,A
2025-11-19T03:07:43.482494069Z,192.168.8.233,mesu.g.aaplimg.com,HTTPS
2025-11-19T03:07:43.467805042Z,192.168.8.233,mesu-cdn.origin-apple.com.akadns.net,A
2025-11-19T03:07:43.463189256Z,192.168.8.233,mesu-cdn.origin-apple.com.akadns.net,HTTPS
2025-11-19T03:07:42.555638394Z,192.168.8.233,gsp10-ssl.ls-apple.com.akadns.net,HTTPS
2025-11-19T03:07:42.537547418Z,192.168.8.233,gsp10-ssl.ls.apple.com,HTTPS
2025-11-19T03:07:42.52302272Z,192.168.8.233,gsp10-ssl.ls.apple.com,A
2025-11-19T03:07:42.501480204Z,192.168.8.233,gsp64-ssl.ls-apple.com.akadns.net,HTTPS
2025-11-19T03:07:42.483994799Z,192.168.8.233,gsp64-ssl.ls-apple.com.akadns.net,A
2025-11-19T03:07:42.128522224Z,192.168.8.233,configuration.ls.v.aaplimg.com,HTTPS
2025-11-19T03:07:42.105548638Z,192.168.8.233,configuration-lb.ls-apple.com.akadns.net,A
2025-11-19T03:07:42.073043467Z,192.168.8.233,configuration-lb.ls-apple.com.akadns.net,HTTPS
2025-11-19T03:07:41.075856602Z,192.168.8.135,42fe2b061d400c1741694ab5517f193f7d0cb380cb4c31ded9f41d4b2df3e13.us-east-1.prod.service.minerva.devices.a2z.com,A
2025-11-19T03:07:31.722478328Z,192.168.8.191,www.google-analytics.com,A
2025-11-19T03:07:29.408271172Z,192.168.8.191,wpad.lan,A
2025-11-19T03:07:29.404473339Z,192.168.8.191,mobile.events.data.microsoft.com,A
2025-11-19T03:07:27.393613744Z,192.168.8.191,cpm.xrtb.io,A
2025-11-19T03:07:27.393387656Z,192.168.8.191,cpm.xrtb.io,HTTPS
2025-11-19T03:07:27.393080635Z,192.168.8.191,server.cpmstar.com,A
2025-11-19T03:07:27.392869948Z,192.168.8.191,server.cpmstar.com,HTTPS
2025-11-19T03:07:27.392527197Z,192.168.8.191,cpm.didna.io,A
2025-11-19T03:07:27.392269921Z,192.168.8.191,s.seedtag.com,A
2025-11-19T03:07:27.391843234Z,192.168.8.191,cpm.didna.io,HTTPS
2025-11-19T03:07:27.391464752Z,192.168.8.191,s.seedtag.com,HTTPS
2025-11-19T03:07:27.390989705Z,192.168.8.191,ghb.adtelligent.com,A
2025-11-19T03:07:27.390338778Z,192.168.8.191,ghb.adtelligent.com,HTTPS
2025-11-19T03:07:27.389965455Z,192.168.8.191,adx2.adform.net,A
2025-11-19T03:07:27.389865194Z,192.168.8.191,adx2.adform.net,HTTPS
2025-11-19T03:07:26.883678484Z,192.168.8.191,i-666.b-0.ad.bench.utorrent.com,HTTPS
2025-11-19T03:07:26.883632743Z,192.168.8.191,i-666.b-0.ad.bench.utorrent.com,A
2025-11-19T03:07:26.75084171Z,192.168.8.191,nav-edge.smartscreen.microsoft.com,HTTPS
2025-11-19T03:07:26.750538847Z,192.168.8.191,nav-edge.smartscreen.microsoft.com,A
2025-11-19T03:07:26.749036701Z,192.168.8.191,video.rainberrytv.com,A
2025-11-19T03:07:26.748670694Z,192.168.8.191,video.rainberrytv.com,A
2025-11-19T03:07:26.748554955Z,192.168.8.191,video.rainberrytv.com,A
2025-11-19T03:07:26.747805614Z,192.168.8.191,video.rainberrytv.com,A
2025-11-19T03:07:26.747570748Z,192.168.8.191,video.rainberrytv.com,A
2025-11-19T03:07:26.746575144Z,192.168.8.191,video.rainberrytv.com,A
2025-11-19T03:07:26.724274432Z,192.168.8.191,video.rainberrytv.com,A
2025-11-19T03:07:26.724191805Z,192.168.8.191,video.rainberrytv.com,A
2025-11-19T03:07:26.699036962Z,192.168.8.191,video.rainberrytv.com,A
2025-11-19T03:07:26.686925Z,192.168.8.191,video.rainberrytv.com,HTTPS
2025-11-19T03:07:26.685925392Z,192.168.8.191,video.rainberrytv.com,A
2025-11-19T03:07:26.685878803Z,192.168.8.191,video.rainberrytv.com,A
2025-11-19T03:07:26.640922692Z,192.168.8.191,ced.sascdn.com,HTTPS
2025-11-19T03:07:26.640495081Z,192.168.8.191,ced.sascdn.com,A
2025-11-19T03:07:21.007731564Z,192.168.8.135,42fe2b061d400c1741694ab5517f193f7d0cb380cb4c31ded9f41d4b2df3e13.us-east-1.prod.service.minerva.devices.a2z.com,A
2025-11-19T03:07:21.007394742Z,192.168.8.135,42fe2b061d400c1741694ab5517f193f7d0cb380cb4c31ded9f41d4b2df3e13.us-east-1.prod.service.minerva.devices.a2z.com,HTTPS
2025-11-19T03:07:21.007208774Z,192.168.8.135,time.apple.com,A
2025-11-19T03:07:17.715425296Z,192.168.8.25,dummy,A
2025-11-19T03:07:17.715351755Z,192.168.8.25,dummy,AAAA
2025-11-19T03:07:15.19039538Z,192.168.8.25,ocsp.digicert.com,A
2025-11-19T03:07:15.054226964Z,192.168.8.25,mediaservices.cdn-apple.com,A
2025-11-19T03:07:15.0422781Z,192.168.8.25,mediaservices.cdn-apple.com,AAAA
2025-11-19T03:07:15.042254382Z,192.168.8.25,mediaservices.cdn-apple.com,A
2025-11-19T03:07:14.433193504Z,192.168.8.191,mobile.events.data.microsoft.com,A
2025-11-19T03:07:12.087872912Z,192.168.8.25,lcprd1.samsungcloudsolution.net,A
2025-11-19T03:07:12.087771958Z,192.168.8.25,lcprd1.samsungcloudsolution.net,AAAA
2025-11-19T03:07:11.982860223Z,192.168.8.108,mask.apple-dns.net,HTTPS
2025-11-19T03:07:11.959814175Z,192.168.8.108,mask.apple-dns.net,A
2025-11-19T03:07:11.440368509Z,192.168.8.108,b79c66077e27a1c100292a6aa5da291cfa7da7ef982a7d0d2708be38d76b31f.us-east-1.prod.service.minerva.devices.a2z.com,A
2025-11-19T03:07:11.440310755Z,192.168.8.108,b79c66077e27a1c100292a6aa5da291cfa7da7ef982a7d0d2708be38d76b31f.us-east-1.prod.service.minerva.devices.a2z.com,HTTPS
2025-11-19T03:07:08.963110416Z,192.168.8.191,p2p-atl3.discovery.steamserver.net,A
2025-11-19T03:07:06.894291502Z,192.168.8.108,logs-01.loggly.com,HTTPS
2025-11-19T03:07:06.894192626Z,192.168.8.108,logs-01.loggly.com,A
2025-11-19T03:07:00.48936106Z,192.168.8.191,mobile.events.data.microsoft.com,A
2025-11-19T03:06:59.699477982Z,192.168.8.191,wpad.lan,A
2025-11-19T03:06:56.589621221Z,192.168.8.191,video.rainberrytv.com,A
2025-11-19T03:06:56.589593345Z,192.168.8.191,video.rainberrytv.com,A
2025-11-19T03:06:56.58577857Z,192.168.8.191,video.rainberrytv.com,A
2025-11-19T03:06:56.585721124Z,192.168.8.191,video.rainberrytv.com,A
2025-11-19T03:06:56.4794323Z,192.168.8.191,video.rainberrytv.com,A
2025-11-19T03:06:56.479404193Z,192.168.8.191,video.rainberrytv.com,A
2025-11-19T03:06:56.477812567Z,192.168.8.191,video.rainberrytv.com,A
2025-11-19T03:06:56.477747343Z,192.168.8.191,video.rainberrytv.com,A
2025-11-19T03:06:55.591446314Z,192.168.8.191,mullvad.net,A
2025-11-19T03:06:55.54365594Z,192.168.8.191,mullvad.net,HTTPS
2025-11-19T03:06:51.541977323Z,192.168.8.191,centralus-2.in.applicationinsights.azure.com,A
2025-11-19T03:06:47.632822652Z,192.168.8.121,firestore.googleapis.com,A
2025-11-19T03:06:47.632389881Z,192.168.8.121,firestore.googleapis.com,A
2025-11-19T03:06:47.629762839Z,192.168.8.121,firestore.googleapis.com,AAAA
2025-11-19T03:06:47.587459798Z,192.168.8.121,firestore.googleapis.com,A
2025-11-19T03:06:44.683949182Z,192.168.8.191,wpad.lan,A
2025-11-19T03:06:44.679623475Z,192.168.8.191,mobile.events.data.microsoft.com,A
2025-11-19T03:06:33.582152467Z,192.168.8.191,ssl.gstatic.com,HTTPS
2025-11-19T03:06:33.547833125Z,192.168.8.191,ssl.gstatic.com,A
2025-11-19T03:06:30.876466261Z,192.168.8.191,mobile.events.data.microsoft.com,A
2025-11-19T03:06:26.98140393Z,192.168.8.191,s.seedtag.com,HTTPS
2025-11-19T03:06:26.981086821Z,192.168.8.191,cpm.didna.io,A
2025-11-19T03:06:26.980752155Z,192.168.8.191,cpm.didna.io,HTTPS
2025-11-19T03:06:26.980323851Z,192.168.8.191,ghb.adtelligent.com,A
2025-11-19T03:06:26.98000859Z,192.168.8.191,ghb.adtelligent.com,HTTPS
2025-11-19T03:06:26.979702262Z,192.168.8.191,adx2.adform.net,A
2025-11-19T03:06:26.979366287Z,192.168.8.191,cpm.xrtb.io,A
2025-11-19T03:06:26.979069585Z,192.168.8.191,adx2.adform.net,HTTPS
2025-11-19T03:06:26.978735921Z,192.168.8.191,cpm.xrtb.io,HTTPS
2025-11-19T03:06:26.978466016Z,192.168.8.191,server.cpmstar.com,A
2025-11-19T03:06:26.978159688Z,192.168.8.191,s.seedtag.com,A
2025-11-19T03:06:26.978016689Z,192.168.8.191,server.cpmstar.com,HTTPS
2025-11-19T03:06:26.540139862Z,192.168.8.191,nav-edge.smartscreen.microsoft.com,A
2025-11-19T03:06:26.462330285Z,192.168.8.191,i-666.b-0.ad.bench.utorrent.com,A
2025-11-19T03:06:26.462262367Z,192.168.8.191,i-666.b-0.ad.bench.utorrent.com,HTTPS
2025-11-19T03:06:26.443329952Z,192.168.8.191,video.rainberrytv.com,A
2025-11-19T03:06:26.443301306Z,192.168.8.191,video.rainberrytv.com,A
2025-11-19T03:06:26.441390569Z,192.168.8.191,video.rainberrytv.com,A
2025-11-19T03:06:26.441178573Z,192.168.8.191,video.rainberrytv.com,A
2025-11-19T03:06:26.431000758Z,192.168.8.191,nav-edge.smartscreen.microsoft.com,HTTPS
2025-11-19T03:06:26.408447238Z,192.168.8.191,video.rainberrytv.com,A
2025-11-19T03:06:26.394003935Z,192.168.8.191,video.rainberrytv.com,A
2025-11-19T03:06:26.39398245Z,192.168.8.191,video.rainberrytv.com,A
2025-11-19T03:06:26.38294741Z,192.168.8.191,video.rainberrytv.com,A
2025-11-19T03:06:26.34576639Z,192.168.8.191,video.rainberrytv.com,A
2025-11-19T03:06:26.338390574Z,192.168.8.191,ced.sascdn.com,A
2025-11-19T03:06:26.337852767Z,192.168.8.191,ced.sascdn.com,HTTPS
2025-11-19T03:06:26.332209651Z,192.168.8.191,video.rainberrytv.com,HTTPS
2025-11-19T03:06:22.633942004Z,192.168.8.191,waa-pa.googleapis.com,HTTPS
2025-11-19T03:06:22.587139226Z,192.168.8.191,waa-pa.googleapis.com,A
2025-11-19T03:06:22.584882811Z,192.168.8.191,waa-pa.googleapis.com,A
2025-11-19T03:06:22.579513219Z,192.168.8.191,waa-pa.googleapis.com,A
2025-11-19T03:06:20.585735798Z,192.168.8.191,waa-pa.clients6.google.com,A
2025-11-19T03:06:20.583493475Z,192.168.8.191,waa-pa.clients6.google.com,HTTPS
2025-11-19T03:06:16.614295206Z,192.168.8.191,wpad.lan,A
2025-11-19T03:06:16.134217604Z,192.168.8.191,mobile.events.data.microsoft.com,A
2025-11-19T03:06:12.086475672Z,192.168.8.25,lcprd1.samsungcloudsolution.net,AAAA
2025-11-19T03:06:12.086431394Z,192.168.8.25,lcprd1.samsungcloudsolution.net,A
2025-11-19T03:06:08.926356251Z,192.168.8.191,p2p-atl3.discovery.steamserver.net,A
2025-11-19T03:06:04.77903692Z,192.168.8.25,ocsp.digicert.com,A
2025-11-19T03:06:04.620723348Z,192.168.8.25,mediaservices.cdn-apple.com,A
2025-11-19T03:06:04.520890897Z,192.168.8.25,mediaservices.cdn-apple.com,AAAA
2025-11-19T03:06:04.496957592Z,192.168.8.25,mediaservices.cdn-apple.com,A
2025-11-19T03:06:01.591138934Z,192.168.8.191,wpad.lan,A
2025-11-19T03:06:01.58561818Z,192.168.8.191,mobile.events.data.microsoft.com,A
2025-11-19T03:05:56.28242637Z,192.168.8.191,video.rainberrytv.com,A
2025-11-19T03:05:56.282055819Z,192.168.8.191,video.rainberrytv.com,A
2025-11-19T03:05:56.281751263Z,192.168.8.191,video.rainberrytv.com,A
2025-11-19T03:05:56.281637526Z,192.168.8.191,video.rainberrytv.com,A
2025-11-19T03:05:56.174197703Z,192.168.8.191,video.rainberrytv.com,A
2025-11-19T03:05:56.17408797Z,192.168.8.191,video.rainberrytv.com,A
2025-11-19T03:05:56.173107074Z,192.168.8.191,video.rainberrytv.com,A
2025-11-19T03:05:56.172847258Z,192.168.8.191,video.rainberrytv.com,A
2025-11-19T03:05:54.525982103Z,192.168.8.191,_8443._https.c-ewr11-783997c1.discord.media,HTTPS
2025-11-19T03:05:54.524927975Z,192.168.8.191,c-ewr11-783997c1.discord.media,A
2025-11-19T03:05:51.514366083Z,192.168.8.191,centralus-2.in.applicationinsights.azure.com,A
2025-11-19T03:05:50.874013506Z,192.168.8.25,osb-v1-alb.samsungqbe.com,A
2025-11-19T03:05:50.853973984Z,192.168.8.25,osb-v1-alb.samsungqbe.com,AAAA
2025-11-19T03:05:49.076356216Z,192.168.8.121,google.com,AAAA
2025-11-19T03:05:49.061016723Z,192.168.8.121,google.com,A
